{"cameraMode":{"drawMode":0,"name":"Shaded","section":"Shading Mode"},"sceneLighting":false,"audioPlay":false,"sceneViewState":{"m_AlwaysRefresh":false,"showFog":true,"showSkybox":false,"showFlares":true,"showImageEffects":true,"showParticleSystems":true,"showVisualEffectGraphs":true,"m_FxEnabled":true},"in2DMode":false,"pivot":{"x":0.030278444290161134,"y":0.933379054069519,"z":-0.44904521107673647},"rotation":{"x":-0.5471048951148987,"y":-0.03060257062315941,"z":0.020039843395352365,"w":-0.8363210558891296},"size":1.3823904991149903,"orthographic":false}