{"cameraMode":{"drawMode":0,"name":"Shaded","section":"Shading Mode"},"sceneLighting":true,"audioPlay":false,"sceneViewState":{"m_AlwaysRefresh":false,"showFog":true,"showSkybox":true,"showFlares":true,"showImageEffects":true,"showParticleSystems":true,"showVisualEffectGraphs":true,"m_FxEnabled":true},"in2DMode":false,"pivot":{"x":0.29417744278907778,"y":1.9232395887374879,"z":10.897817611694336},"rotation":{"x":0.3931649923324585,"y":-0.09760306030511856,"z":0.042126402258872989,"w":0.9133531451225281},"size":0.8660253882408142,"orthographic":false}