{"cameraMode":{"drawMode":0,"name":"Shaded","section":"Shading Mode"},"sceneLighting":true,"audioPlay":false,"sceneViewState":{"m_AlwaysRefresh":false,"showFog":true,"showSkybox":true,"showFlares":true,"showImageEffects":true,"showParticleSystems":true,"showVisualEffectGraphs":true,"m_FxEnabled":true},"in2DMode":false,"pivot":{"x":-0.12335167825222016,"y":1.4571216106414796,"z":13.738072395324707},"rotation":{"x":0.35016241669654848,"y":0.17556457221508027,"z":-0.06691104173660279,"w":0.9177014827728272},"size":0.674828052520752,"orthographic":false}